{
    "A_DIM": 5,
    "CHANGE_PROB": 50.0,
    "COOLDOWN_TIME": 60,
    "EPISODES_TO_RUN": 10,
    "EPS_DECAY": 1000,
    "EPS_END": 0.05,
    "EPS_START": 0.05,
    "GAMMA": 0.99,
    "MODE": "train",
    "REMOTE_HOST": "mininet@localhost",
    "REMOTE_PORT": "2222",
    "REMOTE_SERVER_RUNNER_HOSTNAME": [
        "mininet@localhost"
    ],
    "REMOTE_SERVER_RUNNER_PORT": [
        "2222"
    ],
    "SEGMENT_LIMIT": 301,
    "S_INFO": 6,
    "TRAINING": true,
    "apply_loss_steps": 25,
    "hidden_size": 256,
    "learning_rate": 0.001,
    "model_name": "LSTM"
}